0 ,223 ,1 
0 ,401 ,1 
0 ,459 ,1 
1 ,34 ,2 
1 ,36 ,2 
1 ,55 ,2 
1 ,69 ,2 
1 ,151 ,2 
1 ,227 ,2 
1 ,233 ,2 
1 ,425 ,2 
1 ,459 ,2 
1 ,541 ,2 
2 ,78 ,3 
3 ,22 ,4 
3 ,78 ,4 
3 ,81 ,4 
3 ,145 ,4 
3 ,184 ,4 
3 ,246 ,4 
3 ,258 ,4 
3 ,296 ,4 
3 ,301 ,4 
3 ,330 ,4 
3 ,371 ,4 
3 ,414 ,4 
3 ,428 ,4 
3 ,591 ,4 
4 ,297 ,5 
5 ,48 ,6 
5 ,180 ,6 
5 ,275 ,6 
5 ,293 ,6 
5 ,347 ,6 
5 ,378 ,6 
6 ,64 ,7 
6 ,93 ,7 
6 ,114 ,7 
6 ,154 ,7 
6 ,188 ,7 
6 ,207 ,7 
6 ,227 ,7 
6 ,253 ,7 
6 ,335 ,7 
6 ,527 ,7 
7 ,19 ,8 
7 ,93 ,8 
7 ,134 ,8 
7 ,280 ,8 
7 ,351 ,8 
7 ,419 ,8 
7 ,451 ,8 
8 ,27 ,9 
8 ,215 ,9 
8 ,238 ,9 
8 ,304 ,9 
8 ,395 ,9 
8 ,422 ,9 
9 ,284 ,10 
9 ,399 ,10 
10 ,313 ,11 
11 ,312 ,12 
12 ,115 ,13 
12 ,177 ,13 
12 ,260 ,13 
12 ,407 ,13 
12 ,462 ,13 
12 ,497 ,13 
12 ,538 ,13 
13 ,527 ,14 
14 ,46 ,15 
14 ,110 ,15 
14 ,123 ,15 
14 ,167 ,15 
14 ,195 ,15 
14 ,237 ,15 
14 ,309 ,15 
14 ,360 ,15 
14 ,370 ,15 
14 ,391 ,15 
14 ,441 ,15 
14 ,442 ,15 
14 ,487 ,15 
14 ,539 ,15 
14 ,567 ,15 
15 ,59 ,16 
15 ,67 ,16 
15 ,84 ,16 
15 ,165 ,16 
15 ,213 ,16 
15 ,226 ,16 
15 ,417 ,16 
15 ,446 ,16 
15 ,463 ,16 
15 ,509 ,16 
15 ,524 ,16 
16 ,89 ,17 
16 ,136 ,17 
16 ,200 ,17 
16 ,226 ,17 
16 ,406 ,17 
16 ,426 ,17 
17 ,68 ,18 
17 ,108 ,18 
17 ,230 ,18 
17 ,245 ,18 
17 ,251 ,18 
17 ,523 ,18 
17 ,589 ,18 
18 ,159 ,19 
18 ,210 ,19 
19 ,2 ,20 
19 ,78 ,20 
19 ,81 ,20 
19 ,115 ,20 
19 ,163 ,20 
19 ,166 ,20 
19 ,184 ,20 
19 ,215 ,20 
19 ,226 ,20 
19 ,229 ,20 
19 ,256 ,20 
19 ,281 ,20 
19 ,330 ,20 
19 ,400 ,20 
19 ,420 ,20 
19 ,426 ,20 
19 ,433 ,20 
19 ,474 ,20 
19 ,511 ,20 
19 ,528 ,20 
19 ,536 ,20 
19 ,547 ,20 
19 ,551 ,20 
20 ,215 ,21 
20 ,226 ,21 
20 ,268 ,21 
20 ,321 ,21 
20 ,474 ,21 
21 ,144 ,22 
22 ,66 ,23 
22 ,253 ,23 
22 ,473 ,23 
22 ,478 ,23 
22 ,501 ,23 
22 ,513 ,23 
23 ,41 ,24 
23 ,64 ,24 
23 ,76 ,24 
23 ,131 ,24 
23 ,230 ,24 
23 ,276 ,24 
23 ,382 ,24 
23 ,447 ,24 
23 ,457 ,24 
23 ,479 ,24 
23 ,481 ,24 
23 ,535 ,24 
24 ,276 ,25 
25 ,18 ,26 
25 ,585 ,26 
26 ,409 ,27 
27 ,385 ,28 
28 ,505 ,29 
29 ,334 ,30 
29 ,505 ,30 
30 ,133 ,31 
30 ,140 ,31 
30 ,284 ,31 
30 ,303 ,31 
30 ,319 ,31 
30 ,333 ,31 
30 ,339 ,31 
30 ,399 ,31 
30 ,477 ,31 
30 ,529 ,31 
31 ,19 ,32 
31 ,34 ,32 
31 ,61 ,32 
31 ,69 ,32 
31 ,93 ,32 
31 ,134 ,32 
31 ,137 ,32 
31 ,151 ,32 
31 ,280 ,32 
31 ,313 ,32 
31 ,341 ,32 
31 ,351 ,32 
31 ,419 ,32 
31 ,451 ,32 
32 ,164 ,33 
32 ,260 ,33 
32 ,310 ,33 
32 ,395 ,33 
32 ,436 ,33 
32 ,513 ,33 
32 ,540 ,33 
33 ,4 ,34 
33 ,5 ,34 
33 ,428 ,34 
34 ,52 ,35 
34 ,79 ,35 
34 ,104 ,35 
34 ,150 ,35 
34 ,152 ,35 
34 ,189 ,35 
34 ,279 ,35 
34 ,306 ,35 
34 ,350 ,35 
34 ,384 ,35 
34 ,438 ,35 
34 ,444 ,35 
34 ,458 ,35 
34 ,484 ,35 
34 ,488 ,35 
34 ,553 ,35 
35 ,52 ,36 
35 ,79 ,36 
35 ,104 ,36 
35 ,150 ,36 
35 ,152 ,36 
35 ,189 ,36 
35 ,279 ,36 
35 ,306 ,36 
35 ,350 ,36 
35 ,384 ,36 
35 ,438 ,36 
35 ,444 ,36 
35 ,458 ,36 
35 ,484 ,36 
35 ,488 ,36 
35 ,553 ,36 
36 ,7 ,37 
37 ,52 ,38 
37 ,79 ,38 
37 ,104 ,38 
37 ,150 ,38 
37 ,152 ,38 
37 ,189 ,38 
37 ,279 ,38 
37 ,306 ,38 
37 ,350 ,38 
37 ,384 ,38 
37 ,438 ,38 
37 ,444 ,38 
37 ,458 ,38 
37 ,482 ,38 
37 ,484 ,38 
37 ,488 ,38 
37 ,553 ,38 
38 ,29 ,39 
38 ,59 ,39 
38 ,260 ,39 
38 ,312 ,39 
38 ,358 ,39 
38 ,385 ,39 
38 ,423 ,39 
38 ,524 ,39 
38 ,529 ,39 
38 ,590 ,39 
39 ,271 ,40 
40 ,196 ,41 
41 ,29 ,42 
41 ,227 ,42 
42 ,0 ,43 
42 ,2 ,43 
42 ,88 ,43 
42 ,125 ,43 
42 ,246 ,43 
42 ,301 ,43 
42 ,405 ,43 
42 ,414 ,43 
42 ,574 ,43 
43 ,48 ,44 
43 ,80 ,44 
43 ,179 ,44 
43 ,299 ,44 
43 ,475 ,44 
44 ,252 ,45 
45 ,334 ,46 
46 ,334 ,47 
47 ,334 ,48 
48 ,200 ,49 
48 ,226 ,49 
48 ,295 ,49 
48 ,406 ,49 
49 ,103 ,50 
49 ,164 ,50 
49 ,253 ,50 
49 ,260 ,50 
49 ,332 ,50 
49 ,540 ,50 
50 ,103 ,51 
50 ,248 ,51 
50 ,332 ,51 
50 ,343 ,51 
51 ,4 ,52 
51 ,87 ,52 
52 ,87 ,53 
53 ,87 ,54 
54 ,87 ,55 
55 ,424 ,56 
56 ,185 ,57 
57 ,39 ,58 
57 ,312 ,58 
57 ,578 ,58 
58 ,89 ,59 
58 ,215 ,59 
58 ,226 ,59 
58 ,426 ,59 
58 ,474 ,59 
58 ,547 ,59 
59 ,320 ,60 
60 ,62 ,61 
60 ,196 ,61 
60 ,233 ,61 
60 ,274 ,61 
60 ,308 ,61 
61 ,37 ,62 
61 ,82 ,62 
61 ,128 ,62 
61 ,138 ,62 
61 ,168 ,62 
61 ,186 ,62 
61 ,202 ,62 
61 ,272 ,62 
61 ,277 ,62 
61 ,364 ,62 
61 ,379 ,62 
61 ,517 ,62 
61 ,525 ,62 
61 ,526 ,62 
62 ,82 ,63 
62 ,128 ,63 
62 ,138 ,63 
62 ,168 ,63 
62 ,186 ,63 
62 ,272 ,63 
62 ,277 ,63 
62 ,364 ,63 
62 ,379 ,63 
62 ,517 ,63 
62 ,526 ,63 
63 ,67 ,64 
64 ,75 ,65 
64 ,169 ,65 
65 ,75 ,66 
65 ,169 ,66 
66 ,10 ,67 
66 ,39 ,67 
66 ,95 ,67 
66 ,96 ,67 
66 ,103 ,67 
66 ,173 ,67 
66 ,185 ,67 
66 ,194 ,67 
66 ,222 ,67 
66 ,232 ,67 
66 ,234 ,67 
66 ,238 ,67 
66 ,248 ,67 
66 ,297 ,67 
66 ,314 ,67 
66 ,332 ,67 
66 ,343 ,67 
66 ,359 ,67 
66 ,393 ,67 
66 ,399 ,67 
66 ,407 ,67 
66 ,421 ,67 
66 ,435 ,67 
66 ,453 ,67 
66 ,459 ,67 
66 ,559 ,67 
67 ,230 ,68 
68 ,29 ,69 
68 ,588 ,69 
69 ,30 ,70 
69 ,80 ,70 
69 ,83 ,70 
69 ,155 ,70 
69 ,172 ,70 
69 ,212 ,70 
69 ,233 ,70 
69 ,312 ,70 
69 ,440 ,70 
69 ,495 ,70 
69 ,496 ,70 
69 ,549 ,70 
69 ,578 ,70 
69 ,579 ,70 
70 ,505 ,71 
71 ,3 ,72 
71 ,78 ,72 
71 ,145 ,72 
71 ,260 ,72 
71 ,290 ,72 
72 ,23 ,73 
72 ,54 ,73 
72 ,257 ,73 
72 ,264 ,73 
72 ,448 ,73 
72 ,465 ,73 
72 ,471 ,73 
72 ,472 ,73 
72 ,544 ,73 
73 ,98 ,74 
73 ,156 ,74 
73 ,233 ,74 
73 ,425 ,74 
73 ,455 ,74 
73 ,499 ,74 
74 ,257 ,75 
74 ,261 ,75 
74 ,448 ,75 
74 ,544 ,75 
75 ,144 ,76 
75 ,163 ,76 
75 ,206 ,76 
75 ,246 ,76 
75 ,432 ,76 
75 ,474 ,76 
75 ,556 ,76 
75 ,581 ,76 
75 ,592 ,76 
76 ,317 ,77 
77 ,317 ,78 
78 ,133 ,79 
78 ,274 ,79 
78 ,282 ,79 
78 ,410 ,79 
78 ,470 ,79 
78 ,550 ,79 
78 ,557 ,79 
79 ,15 ,80 
79 ,39 ,80 
79 ,58 ,80 
79 ,95 ,80 
79 ,96 ,80 
79 ,97 ,80 
79 ,118 ,80 
79 ,124 ,80 
79 ,127 ,80 
79 ,138 ,80 
79 ,158 ,80 
79 ,182 ,80 
79 ,197 ,80 
79 ,199 ,80 
79 ,211 ,80 
79 ,224 ,80 
79 ,318 ,80 
79 ,325 ,80 
79 ,332 ,80 
79 ,356 ,80 
79 ,373 ,80 
79 ,378 ,80 
79 ,399 ,80 
79 ,435 ,80 
79 ,453 ,80 
79 ,464 ,80 
79 ,507 ,80 
79 ,537 ,80 
79 ,540 ,80 
79 ,570 ,80 
80 ,529 ,81 
81 ,266 ,82 
82 ,14 ,83 
82 ,16 ,83 
82 ,26 ,83 
82 ,47 ,83 
82 ,190 ,83 
82 ,201 ,83 
82 ,214 ,83 
82 ,236 ,83 
82 ,282 ,83 
82 ,287 ,83 
82 ,290 ,83 
82 ,303 ,83 
82 ,333 ,83 
82 ,368 ,83 
82 ,372 ,83 
82 ,418 ,83 
82 ,444 ,83 
82 ,461 ,83 
82 ,520 ,83 
83 ,45 ,84 
83 ,126 ,84 
83 ,138 ,84 
84 ,260 ,85 
84 ,358 ,85 
84 ,407 ,85 
85 ,345 ,86 
86 ,10 ,87 
86 ,29 ,87 
86 ,36 ,87 
86 ,39 ,87 
86 ,55 ,87 
86 ,71 ,87 
86 ,77 ,87 
86 ,80 ,87 
86 ,85 ,87 
86 ,86 ,87 
86 ,95 ,87 
86 ,98 ,87 
86 ,102 ,87 
86 ,103 ,87 
86 ,106 ,87 
86 ,113 ,87 
86 ,119 ,87 
86 ,170 ,87 
86 ,171 ,87 
86 ,172 ,87 
86 ,173 ,87 
86 ,175 ,87 
86 ,181 ,87 
86 ,185 ,87 
86 ,192 ,87 
86 ,197 ,87 
86 ,205 ,87 
86 ,212 ,87 
86 ,224 ,87 
86 ,232 ,87 
86 ,233 ,87 
86 ,238 ,87 
86 ,240 ,87 
86 ,248 ,87 
86 ,250 ,87 
86 ,267 ,87 
86 ,270 ,87 
86 ,285 ,87 
86 ,294 ,87 
86 ,302 ,87 
86 ,314 ,87 
86 ,315 ,87 
86 ,332 ,87 
86 ,342 ,87 
86 ,352 ,87 
86 ,359 ,87 
86 ,374 ,87 
86 ,375 ,87 
86 ,381 ,87 
86 ,388 ,87 
86 ,389 ,87 
86 ,395 ,87 
86 ,398 ,87 
86 ,399 ,87 
86 ,404 ,87 
86 ,425 ,87 
86 ,430 ,87 
86 ,453 ,87 
86 ,469 ,87 
86 ,492 ,87 
86 ,495 ,87 
86 ,498 ,87 
86 ,499 ,87 
86 ,504 ,87 
86 ,514 ,87 
86 ,515 ,87 
86 ,524 ,87 
86 ,527 ,87 
86 ,530 ,87 
86 ,570 ,87 
86 ,573 ,87 
87 ,111 ,88 
87 ,124 ,88 
87 ,138 ,88 
87 ,143 ,88 
87 ,159 ,88 
87 ,253 ,88 
87 ,260 ,88 
87 ,262 ,88 
87 ,277 ,88 
87 ,358 ,88 
87 ,407 ,88 
87 ,460 ,88 
87 ,464 ,88 
88 ,203 ,89 
88 ,229 ,89 
88 ,289 ,89 
88 ,536 ,89 
89 ,253 ,90 
90 ,238 ,91 
90 ,258 ,91 
90 ,332 ,91 
90 ,399 ,91 
90 ,453 ,91 
91 ,0 ,92 
92 ,59 ,93 
92 ,446 ,93 
92 ,463 ,93 
92 ,509 ,93 
93 ,164 ,94 
93 ,226 ,94 
93 ,253 ,94 
93 ,260 ,94 
93 ,317 ,94 
93 ,436 ,94 
94 ,6 ,95 
94 ,253 ,95 
94 ,260 ,95 
94 ,399 ,95 
94 ,423 ,95 
94 ,540 ,95 
95 ,297 ,96 
95 ,540 ,96 
96 ,529 ,97 
97 ,288 ,98 
97 ,494 ,98 
97 ,525 ,98 
97 ,534 ,98 
98 ,84 ,99 
98 ,355 ,99 
98 ,357 ,99 
98 ,432 ,99 
98 ,547 ,99 
99 ,84 ,100 
99 ,355 ,100 
99 ,357 ,100 
99 ,432 ,100 
99 ,547 ,100 
100 ,348 ,101 
100 ,537 ,101 
101 ,188 ,102 
102 ,39 ,103 
102 ,49 ,103 
102 ,58 ,103 
102 ,71 ,103 
102 ,94 ,103 
102 ,95 ,103 
102 ,97 ,103 
102 ,103 ,103 
102 ,117 ,103 
102 ,128 ,103 
102 ,159 ,103 
102 ,198 ,103 
102 ,208 ,103 
102 ,230 ,103 
102 ,260 ,103 
102 ,276 ,103 
102 ,278 ,103 
102 ,291 ,103 
102 ,292 ,103 
102 ,332 ,103 
102 ,387 ,103 
102 ,389 ,103 
102 ,399 ,103 
102 ,402 ,103 
102 ,403 ,103 
102 ,425 ,103 
102 ,427 ,103 
102 ,504 ,103 
102 ,539 ,103 
103 ,45 ,104 
103 ,68 ,104 
103 ,108 ,104 
103 ,230 ,104 
103 ,245 ,104 
103 ,251 ,104 
103 ,286 ,104 
103 ,523 ,104 
103 ,589 ,104 
104 ,171 ,105 
104 ,441 ,105 
104 ,499 ,105 
104 ,571 ,105 
105 ,313 ,106 
105 ,460 ,106 
105 ,464 ,106 
106 ,423 ,107 
107 ,292 ,108 
107 ,389 ,108 
107 ,504 ,108 
108 ,25 ,109 
108 ,26 ,109 
108 ,32 ,109 
108 ,37 ,109 
108 ,40 ,109 
108 ,42 ,109 
108 ,47 ,109 
108 ,53 ,109 
108 ,68 ,109 
108 ,70 ,109 
108 ,72 ,109 
108 ,82 ,109 
108 ,92 ,109 
108 ,101 ,109 
108 ,112 ,109 
108 ,114 ,109 
108 ,123 ,109 
108 ,128 ,109 
108 ,129 ,109 
108 ,133 ,109 
108 ,146 ,109 
108 ,154 ,109 
108 ,160 ,109 
108 ,168 ,109 
108 ,171 ,109 
108 ,186 ,109 
108 ,190 ,109 
108 ,201 ,109 
108 ,202 ,109 
108 ,204 ,109 
108 ,214 ,109 
108 ,225 ,109 
108 ,230 ,109 
108 ,233 ,109 
108 ,240 ,109 
108 ,243 ,109 
108 ,245 ,109 
108 ,254 ,109 
108 ,272 ,109 
108 ,274 ,109 
108 ,276 ,109 
108 ,282 ,109 
108 ,287 ,109 
108 ,288 ,109 
108 ,290 ,109 
108 ,303 ,109 
108 ,336 ,109 
108 ,337 ,109 
108 ,340 ,109 
108 ,346 ,109 
108 ,364 ,109 
108 ,366 ,109 
108 ,367 ,109 
108 ,368 ,109 
108 ,370 ,109 
108 ,372 ,109 
108 ,377 ,109 
108 ,379 ,109 
108 ,408 ,109 
108 ,410 ,109 
108 ,411 ,109 
108 ,418 ,109 
108 ,428 ,109 
108 ,440 ,109 
108 ,443 ,109 
108 ,444 ,109 
108 ,468 ,109 
108 ,470 ,109 
108 ,480 ,109 
108 ,490 ,109 
108 ,499 ,109 
108 ,503 ,109 
108 ,514 ,109 
108 ,516 ,109 
108 ,517 ,109 
108 ,520 ,109 
108 ,523 ,109 
108 ,525 ,109 
108 ,543 ,109 
108 ,546 ,109 
108 ,550 ,109 
108 ,557 ,109 
108 ,564 ,109 
108 ,589 ,109 
109 ,24 ,110 
109 ,48 ,110 
109 ,80 ,110 
109 ,107 ,110 
109 ,179 ,110 
109 ,299 ,110 
109 ,378 ,110 
109 ,475 ,110 
109 ,506 ,110 
109 ,533 ,110 
109 ,542 ,110 
109 ,545 ,110 
110 ,188 ,111 
111 ,55 ,112 
111 ,64 ,112 
111 ,181 ,112 
111 ,227 ,112 
111 ,253 ,112 
111 ,425 ,112 
112 ,10 ,113 
112 ,103 ,113 
112 ,185 ,113 
112 ,194 ,113 
112 ,222 ,113 
112 ,232 ,113 
112 ,234 ,113 
112 ,238 ,113 
112 ,248 ,113 
112 ,297 ,113 
112 ,314 ,113 
112 ,332 ,113 
112 ,343 ,113 
112 ,359 ,113 
112 ,399 ,113 
112 ,421 ,113 
112 ,435 ,113 
112 ,453 ,113 
112 ,459 ,113 
112 ,559 ,113 
113 ,47 ,114 
113 ,78 ,114 
113 ,290 ,114 
113 ,372 ,114 
113 ,418 ,114 
114 ,3 ,115 
114 ,22 ,115 
114 ,78 ,115 
114 ,184 ,115 
114 ,258 ,115 
114 ,296 ,115 
114 ,371 ,115 
114 ,591 ,115 
115 ,162 ,116 
115 ,209 ,116 
115 ,211 ,116 
115 ,310 ,116 
115 ,469 ,116 
115 ,491 ,116 
115 ,500 ,116 
115 ,540 ,116 
116 ,3 ,117 
116 ,78 ,117 
116 ,145 ,117 
116 ,258 ,117 
116 ,371 ,117 
116 ,489 ,117 
117 ,24 ,118 
117 ,31 ,118 
117 ,48 ,118 
117 ,80 ,118 
117 ,147 ,118 
117 ,172 ,118 
117 ,179 ,118 
117 ,188 ,118 
117 ,212 ,118 
117 ,299 ,118 
117 ,459 ,118 
117 ,475 ,118 
117 ,496 ,118 
117 ,545 ,118 
118 ,34 ,119 
118 ,61 ,119 
118 ,69 ,119 
118 ,99 ,119 
118 ,130 ,119 
118 ,137 ,119 
118 ,151 ,119 
118 ,191 ,119 
118 ,298 ,119 
118 ,313 ,119 
118 ,341 ,119 
118 ,385 ,119 
118 ,419 ,119 
118 ,512 ,119 
118 ,521 ,119 
118 ,541 ,119 
118 ,566 ,119 
119 ,34 ,120 
119 ,61 ,120 
119 ,69 ,120 
119 ,99 ,120 
119 ,137 ,120 
119 ,151 ,120 
119 ,191 ,120 
119 ,298 ,120 
119 ,313 ,120 
119 ,512 ,120 
119 ,566 ,120 
120 ,9 ,121 
121 ,230 ,122 
121 ,233 ,122 
121 ,245 ,122 
121 ,288 ,122 
121 ,324 ,122 
121 ,390 ,122 
122 ,253 ,123 
122 ,586 ,123 
123 ,281 ,124 
123 ,528 ,124 
124 ,185 ,125 
124 ,248 ,125 
125 ,185 ,126 
126 ,0 ,127 
127 ,104 ,128 
127 ,268 ,128 
128 ,0 ,129 
128 ,2 ,129 
128 ,81 ,129 
128 ,193 ,129 
128 ,330 ,129 
128 ,474 ,129 
128 ,486 ,129 
128 ,519 ,129 
128 ,524 ,129 
128 ,547 ,129 
129 ,40 ,130 
129 ,129 ,130 
129 ,225 ,130 
129 ,346 ,130 
129 ,370 ,130 
129 ,470 ,130 
129 ,543 ,130 
130 ,70 ,131 
130 ,112 ,131 
130 ,133 ,131 
130 ,146 ,131 
130 ,171 ,131 
130 ,240 ,131 
130 ,305 ,131 
130 ,443 ,131 
130 ,479 ,131 
130 ,480 ,131 
130 ,520 ,131 
131 ,587 ,132 
132 ,587 ,133 
133 ,249 ,134 
133 ,253 ,134 
133 ,260 ,134 
133 ,423 ,134 
133 ,540 ,134 
134 ,454 ,135 
135 ,62 ,136 
135 ,93 ,136 
135 ,107 ,136 
135 ,122 ,136 
135 ,149 ,136 
135 ,159 ,136 
135 ,179 ,136 
135 ,182 ,136 
135 ,196 ,136 
135 ,223 ,136 
135 ,227 ,136 
135 ,255 ,136 
135 ,283 ,136 
135 ,308 ,136 
135 ,349 ,136 
135 ,394 ,136 
135 ,456 ,136 
135 ,459 ,136 
135 ,533 ,136 
135 ,542 ,136 
135 ,555 ,136 
135 ,563 ,136 
135 ,582 ,136 
136 ,317 ,137 
137 ,165 ,138 
137 ,200 ,138 
137 ,226 ,138 
137 ,327 ,138 
137 ,445 ,138 
138 ,48 ,139 
138 ,158 ,139 
138 ,196 ,139 
138 ,308 ,139 
139 ,88 ,140 
139 ,104 ,140 
139 ,125 ,140 
139 ,301 ,140 
139 ,414 ,140 
139 ,569 ,140 
140 ,432 ,141 
141 ,229 ,142 
141 ,253 ,142 
141 ,260 ,142 
141 ,423 ,142 
141 ,540 ,142 
141 ,543 ,142 
142 ,43 ,143 
142 ,74 ,143 
142 ,148 ,143 
142 ,228 ,143 
142 ,339 ,143 
142 ,534 ,143 
143 ,144 ,144 
143 ,426 ,144 
144 ,29 ,145 
144 ,31 ,145 
145 ,271 ,146 
145 ,305 ,146 
146 ,68 ,147 
146 ,230 ,147 
146 ,334 ,147 
146 ,383 ,147 
146 ,425 ,147 
146 ,523 ,147 
147 ,46 ,148 
147 ,110 ,148 
147 ,123 ,148 
147 ,156 ,148 
147 ,167 ,148 
147 ,195 ,148 
147 ,231 ,148 
147 ,237 ,148 
147 ,309 ,148 
147 ,313 ,148 
147 ,334 ,148 
147 ,360 ,148 
147 ,391 ,148 
147 ,393 ,148 
147 ,487 ,148 
147 ,505 ,148 
147 ,523 ,148 
147 ,567 ,148 
148 ,29 ,149 
148 ,227 ,149 
148 ,292 ,149 
149 ,326 ,150 
149 ,431 ,150 
149 ,446 ,150 
149 ,531 ,150 
150 ,441 ,151 
151 ,81 ,152 
151 ,88 ,152 
151 ,115 ,152 
151 ,125 ,152 
151 ,246 ,152 
151 ,301 ,152 
151 ,405 ,152 
151 ,414 ,152 
152 ,174 ,153 
153 ,213 ,154 
153 ,426 ,154 
153 ,536 ,154 
154 ,13 ,155 
154 ,263 ,155 
155 ,19 ,156 
155 ,113 ,156 
155 ,127 ,156 
155 ,156 ,156 
155 ,171 ,156 
155 ,176 ,156 
155 ,240 ,156 
155 ,276 ,156 
155 ,292 ,156 
155 ,294 ,156 
155 ,389 ,156 
155 ,499 ,156 
155 ,504 ,156 
155 ,527 ,156 
156 ,135 ,157 
156 ,290 ,157 
156 ,367 ,157 
156 ,372 ,157 
156 ,377 ,157 
157 ,260 ,158 
158 ,12 ,159 
158 ,583 ,159 
159 ,505 ,160 
160 ,10 ,161 
160 ,103 ,161 
160 ,185 ,161 
160 ,194 ,161 
160 ,222 ,161 
160 ,232 ,161 
160 ,234 ,161 
160 ,238 ,161 
160 ,248 ,161 
160 ,297 ,161 
160 ,314 ,161 
160 ,332 ,161 
160 ,343 ,161 
160 ,359 ,161 
160 ,399 ,161 
160 ,421 ,161 
160 ,435 ,161 
160 ,453 ,161 
160 ,459 ,161 
160 ,559 ,161 
161 ,47 ,162 
161 ,135 ,162 
161 ,154 ,162 
161 ,243 ,162 
161 ,290 ,162 
161 ,372 ,162 
161 ,377 ,162 
161 ,428 ,162 
162 ,28 ,163 
162 ,50 ,163 
162 ,51 ,163 
162 ,73 ,163 
162 ,105 ,163 
162 ,141 ,163 
162 ,162 ,163 
162 ,178 ,163 
162 ,209 ,163 
162 ,211 ,163 
162 ,219 ,163 
162 ,239 ,163 
162 ,253 ,163 
162 ,260 ,163 
162 ,269 ,163 
162 ,277 ,163 
162 ,300 ,163 
162 ,311 ,163 
162 ,323 ,163 
162 ,344 ,163 
162 ,356 ,163 
162 ,365 ,163 
162 ,376 ,163 
162 ,397 ,163 
162 ,407 ,163 
162 ,416 ,163 
162 ,429 ,163 
162 ,431 ,163 
162 ,457 ,163 
162 ,491 ,163 
162 ,531 ,163 
162 ,532 ,163 
162 ,540 ,163 
162 ,558 ,163 
162 ,565 ,163 
162 ,575 ,163 
163 ,329 ,164 
163 ,334 ,164 
163 ,383 ,164 
163 ,425 ,164 
164 ,132 ,165 
165 ,226 ,166 
165 ,260 ,166 
165 ,423 ,166 
166 ,51 ,167 
166 ,73 ,167 
166 ,105 ,167 
166 ,135 ,167 
166 ,178 ,167 
166 ,269 ,167 
166 ,290 ,167 
166 ,344 ,167 
166 ,365 ,167 
166 ,367 ,167 
166 ,372 ,167 
166 ,377 ,167 
166 ,416 ,167 
166 ,531 ,167 
166 ,532 ,167 
167 ,426 ,168 
168 ,66 ,169 
168 ,473 ,169 
168 ,478 ,169 
168 ,501 ,169 
169 ,576 ,170 
170 ,132 ,171 
171 ,132 ,172 
172 ,235 ,173 
173 ,132 ,174 
173 ,409 ,174 
174 ,47 ,175 
174 ,56 ,175 
174 ,135 ,175 
174 ,154 ,175 
174 ,160 ,175 
174 ,204 ,175 
174 ,243 ,175 
174 ,290 ,175 
174 ,340 ,175 
174 ,345 ,175 
174 ,358 ,175 
174 ,367 ,175 
174 ,372 ,175 
174 ,377 ,175 
174 ,428 ,175 
174 ,520 ,175 
174 ,540 ,175 
174 ,574 ,175 
175 ,81 ,176 
175 ,256 ,176 
175 ,273 ,176 
175 ,301 ,176 
175 ,330 ,176 
175 ,414 ,176 
175 ,511 ,176 
176 ,529 ,177 
177 ,8 ,178 
177 ,20 ,178 
177 ,64 ,178 
177 ,93 ,178 
177 ,142 ,178 
177 ,223 ,178 
177 ,242 ,178 
177 ,271 ,178 
177 ,316 ,178 
177 ,329 ,178 
177 ,334 ,178 
177 ,345 ,178 
177 ,348 ,178 
177 ,380 ,178 
177 ,383 ,178 
177 ,466 ,178 
177 ,505 ,178 
177 ,522 ,178 
177 ,560 ,178 
177 ,562 ,178 
178 ,159 ,179 
178 ,210 ,179 
179 ,505 ,180 
180 ,11 ,181 
181 ,165 ,182 
181 ,213 ,182 
181 ,226 ,182 
181 ,253 ,182 
181 ,260 ,182 
181 ,289 ,182 
181 ,321 ,182 
181 ,417 ,182 
181 ,434 ,182 
181 ,463 ,182 
181 ,508 ,182 
181 ,540 ,182 
181 ,548 ,182 
182 ,21 ,183 
182 ,48 ,183 
182 ,132 ,183 
182 ,158 ,183 
182 ,308 ,183 
183 ,21 ,184 
183 ,48 ,184 
183 ,158 ,184 
183 ,308 ,184 
184 ,132 ,185 
185 ,156 ,186 
185 ,180 ,186 
185 ,231 ,186 
185 ,313 ,186 
185 ,326 ,186 
185 ,505 ,186 
186 ,87 ,187 
187 ,19 ,188 
188 ,153 ,189 
189 ,226 ,190 
189 ,386 ,190 
190 ,288 ,191 
190 ,494 ,191 
190 ,525 ,191 
190 ,534 ,191 
191 ,19 ,192 
192 ,57 ,193 
192 ,109 ,193 
192 ,217 ,193 
192 ,226 ,193 
192 ,244 ,193 
192 ,260 ,193 
192 ,310 ,193 
192 ,323 ,193 
192 ,353 ,193 
192 ,423 ,193 
192 ,540 ,193 
192 ,552 ,193 
193 ,67 ,194 
193 ,84 ,194 
193 ,121 ,194 
193 ,157 ,194 
193 ,165 ,194 
193 ,200 ,194 
193 ,213 ,194 
193 ,226 ,194 
193 ,229 ,194 
193 ,327 ,194 
193 ,355 ,194 
193 ,417 ,194 
193 ,426 ,194 
193 ,463 ,194 
193 ,509 ,194 
193 ,524 ,194 
194 ,505 ,195 
195 ,505 ,196 
196 ,529 ,197 
197 ,8 ,198 
197 ,20 ,198 
197 ,93 ,198 
197 ,223 ,198 
197 ,271 ,198 
197 ,316 ,198 
197 ,345 ,198 
197 ,383 ,198 
197 ,522 ,198 
197 ,560 ,198 
197 ,562 ,198 
198 ,12 ,199 
199 ,256 ,200 
199 ,511 ,200 
200 ,16 ,201 
200 ,461 ,201 
201 ,345 ,202 
202 ,449 ,203 
202 ,452 ,203 
203 ,103 ,204 
204 ,185 ,205 
204 ,213 ,205 
204 ,226 ,205 
204 ,321 ,205 
204 ,417 ,205 
204 ,434 ,205 
205 ,392 ,206 
205 ,554 ,206 
206 ,67 ,207 
206 ,84 ,207 
206 ,165 ,207 
206 ,213 ,207 
206 ,226 ,207 
206 ,252 ,207 
206 ,259 ,207 
206 ,260 ,207 
206 ,289 ,207 
206 ,417 ,207 
206 ,426 ,207 
206 ,446 ,207 
206 ,463 ,207 
206 ,508 ,207 
206 ,509 ,207 
206 ,524 ,207 
206 ,548 ,207 
207 ,271 ,208 
208 ,568 ,209 
209 ,12 ,210 
210 ,31 ,211 
210 ,45 ,211 
210 ,98 ,211 
210 ,147 ,211 
210 ,179 ,211 
210 ,212 ,211 
210 ,216 ,211 
210 ,286 ,211 
210 ,299 ,211 
210 ,332 ,211 
210 ,453 ,211 
210 ,475 ,211 
211 ,6 ,212 
211 ,216 ,212 
211 ,307 ,212 
211 ,423 ,212 
211 ,483 ,212 
211 ,571 ,212 
212 ,90 ,213 
212 ,226 ,213 
212 ,229 ,213 
212 ,260 ,213 
212 ,540 ,213 
212 ,584 ,213 
213 ,434 ,214 
214 ,33 ,215 
214 ,67 ,215 
214 ,78 ,215 
214 ,145 ,215 
214 ,183 ,215 
214 ,200 ,215 
214 ,213 ,215 
214 ,426 ,215 
214 ,449 ,215 
214 ,450 ,215 
215 ,459 ,216 
216 ,459 ,217 
217 ,75 ,218 
217 ,169 ,218 
218 ,160 ,219 
218 ,290 ,219 
218 ,340 ,219 
218 ,367 ,219 
218 ,372 ,219 
218 ,377 ,219 
219 ,200 ,220 
219 ,213 ,220 
219 ,355 ,220 
219 ,426 ,220 
219 ,450 ,220 
220 ,59 ,221 
220 ,211 ,221 
220 ,392 ,221 
220 ,501 ,221 
221 ,188 ,222 
222 ,200 ,223 
222 ,226 ,223 
222 ,268 ,223 
222 ,406 ,223 
222 ,426 ,223 
223 ,16 ,224 
224 ,544 ,225 
225 ,156 ,226 
225 ,412 ,226 
225 ,479 ,226 
226 ,21 ,227 
226 ,48 ,227 
226 ,158 ,227 
226 ,308 ,227 
227 ,17 ,228 
228 ,432 ,229 
228 ,434 ,229 
229 ,103 ,230 
230 ,35 ,231 
230 ,71 ,231 
230 ,143 ,231 
230 ,195 ,231 
230 ,362 ,231 
230 ,396 ,231 
230 ,467 ,231 
230 ,476 ,231 
230 ,496 ,231 
230 ,579 ,231 
230 ,580 ,231 
231 ,19 ,232 
232 ,22 ,233 
232 ,60 ,233 
232 ,211 ,233 
232 ,335 ,233 
232 ,423 ,233 
232 ,437 ,233 
232 ,446 ,233 
232 ,531 ,233 
233 ,67 ,234 
233 ,84 ,234 
233 ,165 ,234 
233 ,213 ,234 
233 ,226 ,234 
233 ,417 ,234 
233 ,463 ,234 
233 ,524 ,234 
234 ,329 ,235 
234 ,334 ,235 
234 ,383 ,235 
234 ,425 ,235 
235 ,213 ,236 
235 ,226 ,236 
235 ,355 ,236 
235 ,426 ,236 
235 ,450 ,236 
236 ,120 ,237 
236 ,331 ,237 
237 ,369 ,238 
238 ,84 ,239 
238 ,200 ,239 
238 ,226 ,239 
238 ,229 ,239 
238 ,327 ,239 
238 ,509 ,239 
239 ,288 ,240 
239 ,494 ,240 
239 ,525 ,240 
239 ,534 ,240 
240 ,75 ,241 
240 ,169 ,241 
240 ,220 ,241 
240 ,322 ,241 
241 ,59 ,242 
241 ,65 ,242 
241 ,67 ,242 
241 ,78 ,242 
241 ,90 ,242 
241 ,145 ,242 
241 ,166 ,242 
241 ,200 ,242 
241 ,213 ,242 
241 ,215 ,242 
241 ,221 ,242 
241 ,226 ,242 
241 ,229 ,242 
241 ,252 ,242 
241 ,260 ,242 
241 ,265 ,242 
241 ,289 ,242 
241 ,317 ,242 
241 ,321 ,242 
241 ,327 ,242 
241 ,354 ,242 
241 ,355 ,242 
241 ,357 ,242 
241 ,358 ,242 
241 ,406 ,242 
241 ,407 ,242 
241 ,417 ,242 
241 ,426 ,242 
241 ,432 ,242 
241 ,434 ,242 
241 ,445 ,242 
241 ,463 ,242 
241 ,474 ,242 
241 ,493 ,242 
241 ,502 ,242 
241 ,509 ,242 
241 ,540 ,242 
241 ,547 ,242 
241 ,548 ,242 
241 ,551 ,242 
241 ,584 ,242 
242 ,18 ,243 
242 ,585 ,243 
243 ,14 ,244 
243 ,16 ,244 
244 ,14 ,245 
244 ,19 ,245 
245 ,100 ,246 
246 ,49 ,247 
246 ,71 ,247 
246 ,97 ,247 
246 ,128 ,247 
246 ,159 ,247 
246 ,198 ,247 
246 ,230 ,247 
246 ,278 ,247 
246 ,291 ,247 
247 ,188 ,248 
248 ,329 ,249 
248 ,334 ,249 
248 ,383 ,249 
248 ,425 ,249 
248 ,522 ,249 
249 ,107 ,250 
249 ,308 ,250 
249 ,549 ,250 
250 ,35 ,251 
250 ,143 ,251 
250 ,362 ,251 
250 ,467 ,251 
250 ,476 ,251 
250 ,579 ,251 
250 ,580 ,251 
251 ,110 ,252 
251 ,195 ,252 
251 ,237 ,252 
251 ,247 ,252 
251 ,260 ,252 
251 ,338 ,252 
251 ,358 ,252 
251 ,360 ,252 
251 ,391 ,252 
252 ,4 ,253 
252 ,5 ,253 
253 ,132 ,254 
254 ,175 ,255 
254 ,238 ,255 
255 ,71 ,256 
255 ,466 ,256 
256 ,505 ,257 
257 ,161 ,258 
257 ,294 ,258 
257 ,418 ,258 
257 ,587 ,258 
258 ,81 ,259 
258 ,273 ,259 
258 ,330 ,259 
258 ,414 ,259 
259 ,159 ,260 
259 ,210 ,260 
260 ,284 ,261 
260 ,319 ,261 
260 ,339 ,261 
260 ,477 ,261 
260 ,529 ,261 
261 ,0 ,262 
261 ,113 ,262 
261 ,171 ,262 
261 ,240 ,262 
261 ,294 ,262 
261 ,499 ,262 
261 ,527 ,262 
262 ,329 ,263 
262 ,334 ,263 
262 ,383 ,263 
262 ,425 ,263 
262 ,522 ,263 
263 ,46 ,264 
263 ,110 ,264 
263 ,167 ,264 
263 ,237 ,264 
263 ,309 ,264 
263 ,320 ,264 
263 ,391 ,264 
263 ,487 ,264 
263 ,500 ,264 
263 ,572 ,264 
264 ,47 ,265 
264 ,135 ,265 
264 ,154 ,265 
264 ,160 ,265 
264 ,260 ,265 
264 ,290 ,265 
264 ,338 ,265 
264 ,340 ,265 
264 ,345 ,265 
264 ,358 ,265 
264 ,367 ,265 
264 ,372 ,265 
264 ,377 ,265 
264 ,428 ,265 
264 ,520 ,265 
264 ,540 ,265 
264 ,574 ,265 
265 ,52 ,266 
265 ,79 ,266 
265 ,104 ,266 
265 ,150 ,266 
265 ,152 ,266 
265 ,189 ,266 
265 ,279 ,266 
265 ,306 ,266 
265 ,350 ,266 
265 ,384 ,266 
265 ,438 ,266 
265 ,444 ,266 
265 ,458 ,266 
265 ,484 ,266 
265 ,488 ,266 
265 ,553 ,266 
266 ,4 ,267 
266 ,172 ,267 
266 ,212 ,267 
267 ,63 ,268 
268 ,561 ,269 
269 ,28 ,270 
269 ,51 ,270 
269 ,73 ,270 
269 ,105 ,270 
269 ,141 ,270 
269 ,178 ,270 
269 ,239 ,270 
269 ,269 ,270 
269 ,277 ,270 
269 ,300 ,270 
269 ,311 ,270 
269 ,323 ,270 
269 ,344 ,270 
269 ,356 ,270 
269 ,365 ,270 
269 ,376 ,270 
269 ,397 ,270 
269 ,416 ,270 
269 ,429 ,270 
269 ,431 ,270 
269 ,457 ,270 
269 ,531 ,270 
269 ,532 ,270 
269 ,558 ,270 
269 ,565 ,270 
270 ,4 ,271 
270 ,172 ,271 
270 ,212 ,271 
271 ,392 ,272 
271 ,554 ,272 
272 ,29 ,273 
272 ,127 ,273 
272 ,233 ,273 
272 ,292 ,273 
272 ,348 ,273 
272 ,389 ,273 
272 ,529 ,273 
273 ,23 ,274 
273 ,140 ,274 
273 ,284 ,274 
273 ,319 ,274 
273 ,339 ,274 
273 ,399 ,274 
273 ,413 ,274 
273 ,477 ,274 
273 ,529 ,274 
274 ,0 ,275 
274 ,2 ,275 
274 ,81 ,275 
274 ,519 ,275 
275 ,213 ,276 
275 ,540 ,276 
275 ,574 ,276 
276 ,116 ,277 
276 ,213 ,277 
276 ,226 ,277 
276 ,289 ,277 
276 ,415 ,277 
276 ,417 ,277 
276 ,426 ,277 
276 ,508 ,277 
276 ,524 ,277 
277 ,35 ,278 
277 ,143 ,278 
277 ,362 ,278 
277 ,396 ,278 
277 ,467 ,278 
277 ,476 ,278 
277 ,579 ,278 
277 ,580 ,278 
278 ,82 ,279 
278 ,128 ,279 
278 ,138 ,279 
278 ,168 ,279 
278 ,186 ,279 
278 ,272 ,279 
278 ,277 ,279 
278 ,364 ,279 
278 ,379 ,279 
278 ,517 ,279 
278 ,526 ,279 
279 ,161 ,280 
279 ,501 ,280 
280 ,3 ,281 
280 ,145 ,281 
280 ,258 ,281 
280 ,371 ,281 
280 ,489 ,281 
281 ,103 ,282 
281 ,520 ,282 
282 ,109 ,283 
282 ,164 ,283 
282 ,241 ,283 
282 ,361 ,283 
282 ,492 ,283 
283 ,587 ,284 
284 ,0 ,285 
284 ,1 ,285 
284 ,38 ,285 
284 ,44 ,285 
284 ,154 ,285 
284 ,162 ,285 
284 ,218 ,285 
284 ,301 ,285 
284 ,317 ,285 
284 ,320 ,285 
284 ,395 ,285 
284 ,405 ,285 
284 ,414 ,285 
284 ,415 ,285 
284 ,439 ,285 
284 ,569 ,285 
285 ,329 ,286 
285 ,334 ,286 
285 ,383 ,286 
285 ,425 ,286 
285 ,522 ,286 
286 ,71 ,287 
286 ,466 ,287 
287 ,19 ,288 
287 ,93 ,288 
287 ,134 ,288 
287 ,280 ,288 
287 ,351 ,288 
287 ,419 ,288 
287 ,451 ,288 
288 ,144 ,289 
288 ,145 ,289 
288 ,163 ,289 
288 ,246 ,289 
288 ,432 ,289 
288 ,556 ,289 
288 ,581 ,289 
288 ,592 ,289 
289 ,19 ,290 
289 ,159 ,290 
290 ,159 ,291 
291 ,591 ,292 
292 ,29 ,293 
292 ,529 ,293 
293 ,10 ,294 
293 ,103 ,294 
293 ,185 ,294 
293 ,194 ,294 
293 ,222 ,294 
293 ,232 ,294 
293 ,234 ,294 
293 ,238 ,294 
293 ,248 ,294 
293 ,297 ,294 
293 ,314 ,294 
293 ,332 ,294 
293 ,343 ,294 
293 ,359 ,294 
293 ,399 ,294 
293 ,421 ,294 
293 ,435 ,294 
293 ,453 ,294 
293 ,459 ,294 
293 ,559 ,294 
294 ,49 ,295 
295 ,71 ,296 
295 ,80 ,296 
295 ,179 ,296 
296 ,49 ,297 
297 ,49 ,298 
298 ,49 ,299 
299 ,41 ,300 
299 ,68 ,300 
299 ,91 ,300 
299 ,112 ,300 
299 ,139 ,300 
299 ,187 ,300 
299 ,233 ,300 
299 ,276 ,300 
299 ,284 ,300 
299 ,382 ,300 
299 ,447 ,300 
299 ,485 ,300 
299 ,490 ,300 
299 ,510 ,300 
299 ,518 ,300 
300 ,329 ,301 
300 ,334 ,301 
300 ,383 ,301 
300 ,425 ,301 
300 ,522 ,301 
301 ,329 ,302 
301 ,334 ,302 
301 ,383 ,302 
301 ,425 ,302 
301 ,522 ,302 
302 ,329 ,303 
302 ,334 ,303 
302 ,383 ,303 
302 ,425 ,303 
302 ,522 ,303 
303 ,329 ,304 
303 ,334 ,304 
303 ,383 ,304 
303 ,425 ,304 
303 ,522 ,304 
304 ,252 ,305 
305 ,10 ,306 
305 ,103 ,306 
305 ,185 ,306 
305 ,194 ,306 
305 ,222 ,306 
305 ,232 ,306 
305 ,234 ,306 
305 ,238 ,306 
305 ,248 ,306 
305 ,297 ,306 
305 ,314 ,306 
305 ,332 ,306 
305 ,343 ,306 
305 ,359 ,306 
305 ,399 ,306 
305 ,421 ,306 
305 ,435 ,306 
305 ,453 ,306 
305 ,459 ,306 
305 ,559 ,306 
306 ,21 ,307 
306 ,48 ,307 
306 ,158 ,307 
306 ,308 ,307 
307 ,95 ,308 
307 ,96 ,308 
307 ,102 ,308 
307 ,138 ,308 
307 ,143 ,308 
307 ,199 ,308 
307 ,356 ,308 
307 ,363 ,308 
307 ,381 ,308 
307 ,404 ,308 
307 ,460 ,308 
307 ,464 ,308 
307 ,577 ,308 
308 ,329 ,309 
308 ,334 ,309 
308 ,383 ,309 
308 ,425 ,309 
308 ,522 ,309 
309 ,505 ,310 
310 ,54 ,311 
310 ,133 ,311 
310 ,303 ,311 
310 ,328 ,311 
310 ,333 ,311 
310 ,370 ,311 
310 ,442 ,311 
311 ,41 ,312 
311 ,68 ,312 
311 ,91 ,312 
311 ,112 ,312 
311 ,139 ,312 
311 ,187 ,312 
311 ,276 ,312 
311 ,284 ,312 
311 ,382 ,312 
311 ,447 ,312 
312 ,25 ,313 
312 ,26 ,313 
312 ,32 ,313 
312 ,37 ,313 
312 ,42 ,313 
312 ,47 ,313 
312 ,53 ,313 
312 ,68 ,313 
312 ,70 ,313 
312 ,72 ,313 
312 ,92 ,313 
312 ,101 ,313 
312 ,112 ,313 
312 ,114 ,313 
312 ,128 ,313 
312 ,133 ,313 
312 ,146 ,313 
312 ,154 ,313 
312 ,160 ,313 
312 ,171 ,313 
312 ,190 ,313 
312 ,201 ,313 
312 ,202 ,313 
312 ,204 ,313 
312 ,214 ,313 
312 ,230 ,313 
312 ,233 ,313 
312 ,236 ,313 
312 ,240 ,313 
312 ,243 ,313 
312 ,245 ,313 
312 ,254 ,313 
312 ,274 ,313 
312 ,276 ,313 
312 ,282 ,313 
312 ,287 ,313 
312 ,288 ,313 
312 ,290 ,313 
312 ,303 ,313 
312 ,336 ,313 
312 ,337 ,313 
312 ,340 ,313 
312 ,366 ,313 
312 ,367 ,313 
312 ,368 ,313 
312 ,372 ,313 
312 ,377 ,313 
312 ,408 ,313 
312 ,410 ,313 
312 ,411 ,313 
312 ,428 ,313 
312 ,440 ,313 
312 ,443 ,313 
312 ,444 ,313 
312 ,470 ,313 
312 ,480 ,313 
312 ,490 ,313 
312 ,499 ,313 
312 ,503 ,313 
312 ,514 ,313 
312 ,516 ,313 
312 ,520 ,313 
312 ,523 ,313 
312 ,546 ,313 
312 ,550 ,313 
312 ,557 ,313 
312 ,564 ,313 
312 ,589 ,313 
